{"feature_columns": ["ret_21d", "ret_63d", "ret_252d", "vol_63d", "maxdd_126d", "trend_spread"], "imputer_medians": {"maxdd_126d": -0.10802434114054615, "ret_21d": 0.010535903741135666, "ret_252d": 0.08575003592832098, "ret_63d": 0.024995030994405587, "trend_spread": -0.017061744791684097, "vol_63d": 0.17776577663872598}, "tickers": ["XLB", "XLE", "XLF", "XLI", "XLK", "XLP", "XLRE", "XLU", "XLV", "XLY"]}