{
  "fragile": 0.08200739849355974,
  "normal": 0.8054107055310424,
  "stressed": 0.11258189597539778
}