{"feature_columns": ["ret_21d", "ret_63d", "ret_252d", "vol_63d", "maxdd_126d", "trend_spread"], "imputer_medians": {"maxdd_126d": -0.09623299907461563, "ret_21d": 0.01183908890673413, "ret_252d": 0.11000063541842808, "ret_63d": 0.031336005788658805, "trend_spread": -0.02143273986412364, "vol_63d": 0.16186312572414244}, "tickers": ["XLB", "XLE", "XLF", "XLI", "XLK", "XLP", "XLRE", "XLU", "XLV", "XLY"]}