{
  "fragile": 0.07141189744387814,
  "normal": 0.8191845309886006,
  "stressed": 0.1094035715675213
}