{"feature_columns": ["ret_21d", "ret_63d", "ret_252d", "vol_63d", "maxdd_126d", "trend_spread"], "imputer_medians": {"maxdd_126d": -0.09251172885792575, "ret_21d": 0.01128341174159564, "ret_252d": 0.10979652672203954, "ret_63d": 0.030514138207203834, "trend_spread": -0.020360651458893708, "vol_63d": 0.1560693730878558}, "tickers": ["XLB", "XLE", "XLF", "XLI", "XLK", "XLP", "XLRE", "XLU", "XLV", "XLY"]}