{
  "fragile": 0.0695286732631131,
  "normal": 0.8314182359825514,
  "stressed": 0.09905309075433556
}