{
  "means": {
    "21": 0.011452886477547662,
    "252": 0.10900427085062138,
    "63": 0.02751680189529444
  },
  "stds": {
    "21": 0.13398830745713738,
    "252": 0.35788535642088787,
    "63": 0.17561851540608178
  }
}