{"feature_columns": ["ret_21d", "ret_63d", "ret_252d", "vol_63d", "maxdd_126d", "trend_spread"], "imputer_medians": {"maxdd_126d": -0.09397562129942516, "ret_21d": 0.011422728527353043, "ret_252d": 0.10940606584385282, "ret_63d": 0.030001628259743507, "trend_spread": -0.019835434178359868, "vol_63d": 0.1558990174153826}, "tickers": ["XLB", "XLE", "XLF", "XLI", "XLK", "XLP", "XLRE", "XLU", "XLV", "XLY"]}