{
  "fragile": 0.07264853880394813,
  "normal": 0.8218260112250823,
  "stressed": 0.10552544997096962
}