{"feature_columns": ["ret_21d", "ret_63d", "ret_252d", "vol_63d", "maxdd_126d", "trend_spread"], "imputer_medians": {"maxdd_126d": -0.10593582569771176, "ret_21d": 0.011448265301339244, "ret_252d": 0.09597568232648601, "ret_63d": 0.026905552675290823, "trend_spread": -0.018020384561663993, "vol_63d": 0.1733493588450542}, "tickers": ["XLB", "XLE", "XLF", "XLI", "XLK", "XLP", "XLRE", "XLU", "XLV", "XLY"]}