{
  "fragile": 0.0773882396586904,
  "normal": 0.8164347987386384,
  "stressed": 0.10617696160267112
}