{"feature_columns": ["ret_21d", "ret_63d", "ret_252d", "vol_63d", "maxdd_126d", "trend_spread"], "imputer_medians": {"maxdd_126d": -0.09510648578896208, "ret_21d": 0.01204522208300296, "ret_252d": 0.1169408563144817, "ret_63d": 0.030894920016464766, "trend_spread": -0.0210387316725118, "vol_63d": 0.16056481140532095}, "tickers": ["XLB", "XLE", "XLF", "XLI", "XLK", "XLP", "XLRE", "XLU", "XLV", "XLY"]}