{
  "fragile": 0.07414816931821791,
  "normal": 0.817471658569115,
  "stressed": 0.10838017211266711
}