{"feature_columns": ["ret_21d", "ret_63d", "ret_252d", "vol_63d", "maxdd_126d", "trend_spread"], "imputer_medians": {"maxdd_126d": -0.09445799235452357, "ret_21d": 0.01201054998140827, "ret_252d": 0.11367902701609522, "ret_63d": 0.03176834035235798, "trend_spread": -0.021479883543780942, "vol_63d": 0.1603289953321118}, "tickers": ["XLB", "XLE", "XLF", "XLI", "XLK", "XLP", "XLRE", "XLU", "XLV", "XLY"]}