{
  "fragile": 0.07154815051020408,
  "normal": 0.8173030931122449,
  "stressed": 0.11114875637755102
}