{"feature_columns": ["ret_21d", "ret_63d", "ret_252d", "vol_63d", "maxdd_126d", "trend_spread"], "imputer_medians": {"maxdd_126d": -0.09698212472045498, "ret_21d": 0.011861202523655967, "ret_252d": 0.10781151340429429, "ret_63d": 0.03099838020093204, "trend_spread": -0.021271333940396597, "vol_63d": 0.16204713233484141}, "tickers": ["XLB", "XLE", "XLF", "XLI", "XLK", "XLP", "XLRE", "XLU", "XLV", "XLY"]}