{
  "fragile": 0.07011350263827203,
  "normal": 0.8231408723380025,
  "stressed": 0.10674562502372546
}