{"feature_columns": ["ret_21d", "ret_63d", "ret_252d", "vol_63d", "maxdd_126d", "trend_spread"], "imputer_medians": {"maxdd_126d": -0.10184672014152263, "ret_21d": 0.008523010385958818, "ret_252d": 0.08541656504366357, "ret_63d": 0.02077657702880742, "trend_spread": -0.013061243938265132, "vol_63d": 0.16535934467345542}, "tickers": ["XLB", "XLE", "XLF", "XLI", "XLK", "XLP", "XLRE", "XLU", "XLV", "XLY"]}