{
  "fragile": 0.0812194831487436,
  "normal": 0.7923067762296058,
  "stressed": 0.1264737406216506
}