{"feature_columns": ["ret_21d", "ret_63d", "ret_252d", "vol_63d", "maxdd_126d", "trend_spread"], "imputer_medians": {"maxdd_126d": -0.10593582569771176, "ret_21d": 0.010069287585199982, "ret_252d": 0.09185319947439685, "ret_63d": 0.02326569407879453, "trend_spread": -0.015833661775894736, "vol_63d": 0.17751210004432433}, "tickers": ["XLB", "XLE", "XLF", "XLI", "XLK", "XLP", "XLRE", "XLU", "XLV", "XLY"]}