{
  "fragile": 0.08508202975963373,
  "normal": 0.7946500487515368,
  "stressed": 0.12026792148882953
}