{
  "means": {
    "21": 0.011758126246448227,
    "252": 0.14266180612797477,
    "63": 0.03338999161783232
  },
  "stds": {
    "21": 0.1348999501095577,
    "252": 0.40249194810639666,
    "63": 0.1846109178190574
  }
}