{
  "means": {
    "21": 0.01198854467733379,
    "252": 0.15247026780129563,
    "63": 0.03517500215920566
  },
  "stds": {
    "21": 0.07751293624789646,
    "252": 0.4077946345752992,
    "63": 0.12585062954213183
  }
}