{"feature_columns": ["ret_21d", "ret_63d", "ret_252d", "vol_63d", "maxdd_126d", "trend_spread"], "imputer_medians": {"maxdd_126d": -0.09430407656727202, "ret_21d": 0.011280089875023602, "ret_252d": 0.11530974351537104, "ret_63d": 0.029229120602386915, "trend_spread": -0.02016827195804094, "vol_63d": 0.15942160300271066}, "tickers": ["XLB", "XLE", "XLF", "XLI", "XLK", "XLP", "XLRE", "XLU", "XLV", "XLY"]}