{
  "fragile": 0.07294059982232025,
  "normal": 0.8145697393009221,
  "stressed": 0.11248966087675766
}