{"feature_columns": ["ret_21d", "ret_63d", "ret_252d", "vol_63d", "maxdd_126d", "trend_spread"], "imputer_medians": {"maxdd_126d": -0.11455087995607005, "ret_21d": 0.009009344960916765, "ret_252d": 0.06060070451487265, "ret_63d": 0.019764466418432214, "trend_spread": -0.012146074010633168, "vol_63d": 0.17864248233170998}, "tickers": ["XLB", "XLE", "XLF", "XLI", "XLK", "XLP", "XLRE", "XLU", "XLV", "XLY"]}