{
  "fragile": 0.08812260536398467,
  "normal": 0.7854930981997585,
  "stressed": 0.12638429643625676
}