{
  "means": {
    "21": 0.012484669392138235,
    "252": 0.12876265680493154,
    "63": 0.03429172682970253
  },
  "stds": {
    "21": 0.12966204151856778,
    "252": 0.3912326157401811,
    "63": 0.1785737215214956
  }
}