{"feature_columns": ["ret_21d", "ret_63d", "ret_252d", "vol_63d", "maxdd_126d", "trend_spread"], "imputer_medians": {"maxdd_126d": -0.10878940540945814, "ret_21d": 0.009718904658996719, "ret_252d": 0.07148508872871473, "ret_63d": 0.022591204202863535, "trend_spread": -0.014300884759632981, "vol_63d": 0.17856935813878105}, "tickers": ["XLB", "XLE", "XLF", "XLI", "XLK", "XLP", "XLRE", "XLU", "XLV", "XLY"]}