{
  "fragile": 0.08453567355843125,
  "normal": 0.7960731816153503,
  "stressed": 0.11939114482621846
}