{"feature_columns": ["ret_21d", "ret_63d", "ret_252d", "vol_63d", "maxdd_126d", "trend_spread"], "imputer_medians": {"maxdd_126d": -0.09129763082993747, "ret_21d": 0.011310286741152753, "ret_252d": 0.11218187881410235, "ret_63d": 0.031180108921198046, "trend_spread": -0.020894765361574474, "vol_63d": 0.1545402566347701}, "tickers": ["XLB", "XLE", "XLF", "XLI", "XLK", "XLP", "XLRE", "XLU", "XLV", "XLY"]}