{
  "fragile": 0.0729150569206202,
  "normal": 0.8215113583681039,
  "stressed": 0.10557358471127595
}