{"feature_columns": ["ret_21d", "ret_63d", "ret_252d", "vol_63d", "maxdd_126d", "trend_spread"], "imputer_medians": {"maxdd_126d": -0.10356726387816118, "ret_21d": 0.011629438674353176, "ret_252d": 0.10185815292837042, "ret_63d": 0.028396446946429954, "trend_spread": -0.01960634506519565, "vol_63d": 0.1698856751515054}, "tickers": ["XLB", "XLE", "XLF", "XLI", "XLK", "XLP", "XLRE", "XLU", "XLV", "XLY"]}