{
  "fragile": 0.0761843790012804,
  "normal": 0.8175771802532366,
  "stressed": 0.106238440745483
}