{"feature_columns": ["ret_21d", "ret_63d", "ret_252d", "vol_63d", "maxdd_126d", "trend_spread"], "imputer_medians": {"maxdd_126d": -0.09698212472045498, "ret_21d": 0.011340149069470895, "ret_252d": 0.11043990292118133, "ret_63d": 0.02795935014417783, "trend_spread": -0.01915492312412681, "vol_63d": 0.16152593962453282}, "tickers": ["XLB", "XLE", "XLF", "XLI", "XLK", "XLP", "XLRE", "XLU", "XLV", "XLY"]}