{
  "fragile": 0.07639957391407268,
  "normal": 0.8140608356018464,
  "stressed": 0.10953959048408096
}