{"feature_columns": ["ret_21d", "ret_63d", "ret_252d", "vol_63d", "maxdd_126d", "trend_spread"], "imputer_medians": {"maxdd_126d": -0.09409629923000956, "ret_21d": 0.011573368019266228, "ret_252d": 0.10846147801285355, "ret_63d": 0.030669367714436624, "trend_spread": -0.020339521549735784, "vol_63d": 0.15512080363351477}, "tickers": ["XLB", "XLE", "XLF", "XLI", "XLK", "XLP", "XLRE", "XLU", "XLV", "XLY"]}