{
  "fragile": 0.07096607704218083,
  "normal": 0.8265377938347488,
  "stressed": 0.10249612912307042
}