{"feature_columns": ["ret_21d", "ret_63d", "ret_252d", "vol_63d", "maxdd_126d", "trend_spread"], "imputer_medians": {"maxdd_126d": -0.09445799235452357, "ret_21d": 0.012131887517677908, "ret_252d": 0.10790961214586248, "ret_63d": 0.032191695638235984, "trend_spread": -0.02159350144775868, "vol_63d": 0.15871175766992357}, "tickers": ["XLB", "XLE", "XLF", "XLI", "XLK", "XLP", "XLRE", "XLU", "XLV", "XLY"]}