{
  "fragile": 0.0689216573966283,
  "normal": 0.827491053335058,
  "stressed": 0.10358728926831372
}