{"feature_columns": ["ret_21d", "ret_63d", "ret_252d", "vol_63d", "maxdd_126d", "trend_spread"], "imputer_medians": {"maxdd_126d": -0.10593582569771176, "ret_21d": 0.0073610760632137895, "ret_252d": 0.06496407139650784, "ret_63d": 0.01973720389973732, "trend_spread": -0.012501368786910216, "vol_63d": 0.177495707020821}, "tickers": ["XLB", "XLE", "XLF", "XLI", "XLK", "XLP", "XLRE", "XLU", "XLV", "XLY"]}