{
  "fragile": 0.07287287287287288,
  "normal": 0.8571571571571571,
  "stressed": 0.06996996996996997
}