{"feature_columns": ["ret_21d", "ret_63d", "ret_252d", "vol_63d", "maxdd_126d", "trend_spread"], "imputer_medians": {"maxdd_126d": -0.09981989891757337, "ret_21d": 0.01207841514700081, "ret_252d": 0.10843122260309146, "ret_63d": 0.0299038033026906, "trend_spread": -0.02034317479233283, "vol_63d": 0.1657705017332155}, "tickers": ["XLB", "XLE", "XLF", "XLI", "XLK", "XLP", "XLRE", "XLU", "XLV", "XLY"]}