{
  "fragile": 0.07487253190979708,
  "normal": 0.8202785477192622,
  "stressed": 0.10484892037094069
}