{
  "means": {
    "21": 0.01124611040162745,
    "252": 0.1258881929959198,
    "63": 0.031028969279196274
  },
  "stds": {
    "21": 0.127766832955631,
    "252": 0.38022571131224764,
    "63": 0.1763328737217064
  }
}