{"feature_columns": ["ret_21d", "ret_63d", "ret_252d", "vol_63d", "maxdd_126d", "trend_spread"], "imputer_medians": {"maxdd_126d": -0.10593582569771176, "ret_21d": 0.006973371517229543, "ret_252d": 0.0739897658261437, "ret_63d": 0.015625099208800952, "trend_spread": -0.009829160347659016, "vol_63d": 0.1724422685993496}, "tickers": ["XLB", "XLE", "XLF", "XLI", "XLK", "XLP", "XLRE", "XLU", "XLV", "XLY"]}