{
  "fragile": 0.09167085637673873,
  "normal": 0.7738115189095581,
  "stressed": 0.13451762471370315
}