{
  "means": {
    "21": 0.012350958529043594,
    "252": 0.13984106754181336,
    "63": 0.03469642760798197
  },
  "stds": {
    "21": 0.13202601787886828,
    "252": 0.3946043749437023,
    "63": 0.18090590606660104
  }
}