{"feature_columns": ["ret_21d", "ret_63d", "ret_252d", "vol_63d", "maxdd_126d", "trend_spread"], "imputer_medians": {"maxdd_126d": -0.09240829265679507, "ret_21d": 0.0114934845061746, "ret_252d": 0.11293782392019347, "ret_63d": 0.030919374522397902, "trend_spread": -0.02069255042180318, "vol_63d": 0.15430538778753125}, "tickers": ["XLB", "XLE", "XLF", "XLI", "XLK", "XLP", "XLRE", "XLU", "XLV", "XLY"]}