{
  "fragile": 0.07186658689799581,
  "normal": 0.8257054541828697,
  "stressed": 0.1024279589191345
}