{"feature_columns": ["ret_21d", "ret_63d", "ret_252d", "vol_63d", "maxdd_126d", "trend_spread"], "imputer_medians": {"maxdd_126d": -0.10878940540945814, "ret_21d": 0.010876372280178126, "ret_252d": 0.0902114620591391, "ret_63d": 0.025238723304747523, "trend_spread": -0.016967683926846666, "vol_63d": 0.179860698735542}, "tickers": ["XLB", "XLE", "XLF", "XLI", "XLK", "XLP", "XLRE", "XLU", "XLV", "XLY"]}