{
  "fragile": 0.08297915401740538,
  "normal": 0.8021857923497268,
  "stressed": 0.11483505363286783
}