{
  "means": {
    "21": 0.01008402752695921,
    "252": 0.12299126669088768,
    "63": 0.028846406057558133
  },
  "stds": {
    "21": 0.14173593609503352,
    "252": 0.36217616157073057,
    "63": 0.1783644938034469
  }
}