{"feature_columns": ["ret_21d", "ret_63d", "ret_252d", "vol_63d", "maxdd_126d", "trend_spread"], "imputer_medians": {"maxdd_126d": -0.09366890529953364, "ret_21d": 0.011440832296471859, "ret_252d": 0.11009987335844984, "ret_63d": 0.0306844617911306, "trend_spread": -0.02072548272634961, "vol_63d": 0.15451421036215596}, "tickers": ["XLB", "XLE", "XLF", "XLI", "XLK", "XLP", "XLRE", "XLU", "XLV", "XLY"]}