{
  "fragile": 0.07009984954178634,
  "normal": 0.820407604978799,
  "stressed": 0.10949254547941457
}