{"feature_columns": ["ret_21d", "ret_63d", "ret_252d", "vol_63d", "maxdd_126d", "trend_spread"], "imputer_medians": {"maxdd_126d": -0.11040075382960135, "ret_21d": 0.009443509246405801, "ret_252d": 0.08011570554770264, "ret_63d": 0.020963561673853826, "trend_spread": -0.013601783696996383, "vol_63d": 0.18070541173751944}, "tickers": ["XLB", "XLE", "XLF", "XLI", "XLK", "XLP", "XLRE", "XLU", "XLV", "XLY"]}