{
  "fragile": 0.08633633633633633,
  "normal": 0.7951388888888888,
  "stressed": 0.11852477477477477
}