{
  "means": {
    "21": 0.01295550689066469,
    "252": 0.14886422071167602,
    "63": 0.03492510842929147
  },
  "stds": {
    "21": 0.15901732783306724,
    "252": 0.3952253645869695,
    "63": 0.19441796666677633
  }
}