{"feature_columns": ["ret_21d", "ret_63d", "ret_252d", "vol_63d", "maxdd_126d", "trend_spread"], "imputer_medians": {"maxdd_126d": -0.09268229944513362, "ret_21d": 0.012270724078079054, "ret_252d": 0.11635594453371889, "ret_63d": 0.03296630084775565, "trend_spread": -0.022139135976732782, "vol_63d": 0.1582761023034996}, "tickers": ["XLB", "XLE", "XLF", "XLI", "XLK", "XLP", "XLRE", "XLU", "XLV", "XLY"]}