{
  "fragile": 0.06839651576493681,
  "normal": 0.8264016685069316,
  "stressed": 0.10520181572813152
}