{"feature_columns": ["ret_21d", "ret_63d", "ret_252d", "vol_63d", "maxdd_126d", "trend_spread"], "imputer_medians": {"maxdd_126d": -0.109328096229936, "ret_21d": 0.0077674784322333545, "ret_252d": 0.054487692136817145, "ret_63d": 0.020807053263416586, "trend_spread": -0.011895827130269043, "vol_63d": 0.18479586804004336}, "tickers": ["XLB", "XLE", "XLF", "XLI", "XLK", "XLP", "XLRE", "XLU", "XLV", "XLY"]}