{
  "fragile": 0.07546956324960398,
  "normal": 0.857999547408916,
  "stressed": 0.06653088934147998
}