{"feature_columns": ["ret_21d", "ret_63d", "ret_252d", "vol_63d", "maxdd_126d", "trend_spread"], "imputer_medians": {"maxdd_126d": -0.09575410020018837, "ret_21d": 0.011420174381304049, "ret_252d": 0.10886775737338361, "ret_63d": 0.030193156768958396, "trend_spread": -0.020290446106779436, "vol_63d": 0.15911966690186738}, "tickers": ["XLB", "XLE", "XLF", "XLI", "XLK", "XLP", "XLRE", "XLU", "XLV", "XLY"]}