{
  "fragile": 0.07191648763289814,
  "normal": 0.8255109348317082,
  "stressed": 0.1025725775353936
}