{
  "means": {
    "21": 0.011053509912512211,
    "252": 0.11530975885165196,
    "63": 0.02966002781708972
  },
  "stds": {
    "21": 0.13779466206841626,
    "252": 0.3606248911569791,
    "63": 0.17431583091268527
  }
}