{"feature_columns": ["ret_21d", "ret_63d", "ret_252d", "vol_63d", "maxdd_126d", "trend_spread"], "imputer_medians": {"maxdd_126d": -0.09510648578896208, "ret_21d": 0.011801934915531831, "ret_252d": 0.10761615743067943, "ret_63d": 0.030949362272089553, "trend_spread": -0.02083330133790373, "vol_63d": 0.15704788956123422}, "tickers": ["XLB", "XLE", "XLF", "XLI", "XLK", "XLP", "XLRE", "XLU", "XLV", "XLY"]}