{
  "fragile": 0.07063748726354495,
  "normal": 0.8229300491737916,
  "stressed": 0.10643246356266337
}