{"feature_columns": ["ret_21d", "ret_63d", "ret_252d", "vol_63d", "maxdd_126d", "trend_spread"], "imputer_medians": {"maxdd_126d": -0.10199733065683847, "ret_21d": 0.00812014904046876, "ret_252d": 0.07338702406295816, "ret_63d": 0.02030286850473373, "trend_spread": -0.01222390105050547, "vol_63d": 0.16318990271660597}, "tickers": ["XLB", "XLE", "XLF", "XLI", "XLK", "XLP", "XLRE", "XLU", "XLV", "XLY"]}