{
  "fragile": 0.07219774840920215,
  "normal": 0.8516886930983847,
  "stressed": 0.07611355849241312
}