{"feature_columns": ["ret_21d", "ret_63d", "ret_252d", "vol_63d", "maxdd_126d", "trend_spread"], "imputer_medians": {"maxdd_126d": -0.0976455592753489, "ret_21d": 0.009382261015825843, "ret_252d": 0.08470133460274498, "ret_63d": 0.024674687476712198, "trend_spread": -0.015983406269945433, "vol_63d": 0.15633630085624428}, "tickers": ["XLB", "XLE", "XLF", "XLI", "XLK", "XLP", "XLRE", "XLU", "XLV", "XLY"]}