{
  "fragile": 0.06940700808625337,
  "normal": 0.8531746031746031,
  "stressed": 0.07741838873914346
}