{"feature_columns": ["ret_21d", "ret_63d", "ret_252d", "vol_63d", "maxdd_126d", "trend_spread"], "imputer_medians": {"maxdd_126d": -0.09397562129942516, "ret_21d": 0.009952341458686398, "ret_252d": 0.09502475487960427, "ret_63d": 0.025367482095793648, "trend_spread": -0.015994406059206545, "vol_63d": 0.15512859535849965}, "tickers": ["XLB", "XLE", "XLF", "XLI", "XLK", "XLP", "XLRE", "XLU", "XLV", "XLY"]}