{
  "fragile": 0.06798925397809465,
  "normal": 0.8410139836054281,
  "stressed": 0.09099676241647724
}