{"feature_columns": ["ret_21d", "ret_63d", "ret_252d", "vol_63d", "maxdd_126d", "trend_spread"], "imputer_medians": {"maxdd_126d": -0.10834279429122529, "ret_21d": 0.01097003673351915, "ret_252d": 0.09193754053294056, "ret_63d": 0.02556292099338997, "trend_spread": -0.01743892320247692, "vol_63d": 0.17795525841121404}, "tickers": ["XLB", "XLE", "XLF", "XLI", "XLK", "XLP", "XLRE", "XLU", "XLV", "XLY"]}