{
  "fragile": 0.08027700402352213,
  "normal": 0.8099659548127515,
  "stressed": 0.10975704116372641
}