{"feature_columns": ["ret_21d", "ret_63d", "ret_252d", "vol_63d", "maxdd_126d", "trend_spread"], "imputer_medians": {"maxdd_126d": -0.10509249527492015, "ret_21d": 0.008033894774217343, "ret_252d": 0.06860773635129502, "ret_63d": 0.0211926107331446, "trend_spread": -0.012757654911983551, "vol_63d": 0.16944711635872123}, "tickers": ["XLB", "XLE", "XLF", "XLI", "XLK", "XLP", "XLRE", "XLU", "XLV", "XLY"]}