{
  "fragile": 0.0681265206812652,
  "normal": 0.8652789042083446,
  "stressed": 0.0665945751103902
}