{"feature_columns": ["ret_21d", "ret_63d", "ret_252d", "vol_63d", "maxdd_126d", "trend_spread"], "imputer_medians": {"maxdd_126d": -0.09637037345826771, "ret_21d": 0.012131887517677908, "ret_252d": 0.11422149313211993, "ret_63d": 0.030704504414953426, "trend_spread": -0.02102171557637006, "vol_63d": 0.1617368986961391}, "tickers": ["XLB", "XLE", "XLF", "XLI", "XLK", "XLP", "XLRE", "XLU", "XLV", "XLY"]}