{
  "fragile": 0.07326224328593997,
  "normal": 0.8212875197472354,
  "stressed": 0.10545023696682465
}