{"feature_columns": ["ret_21d", "ret_63d", "ret_252d", "vol_63d", "maxdd_126d", "trend_spread"], "imputer_medians": {"maxdd_126d": -0.09637037345826771, "ret_21d": 0.01139981225553488, "ret_252d": 0.10821904976532726, "ret_63d": 0.02988447478558054, "trend_spread": -0.020360651458893708, "vol_63d": 0.16057373627097343}, "tickers": ["XLB", "XLE", "XLF", "XLI", "XLK", "XLP", "XLRE", "XLU", "XLV", "XLY"]}