{
  "fragile": 0.07421028623560269,
  "normal": 0.8201334245638043,
  "stressed": 0.105656289200593
}