{
  "means": {
    "21": 0.006230037195408436,
    "252": 0.09609884104723071,
    "63": 0.018520010020497392
  },
  "stds": {
    "21": 0.07493180220045756,
    "252": 0.2851199542742165,
    "63": 0.11877079546184165
  }
}