{
  "means": {
    "21": 0.010959736713337144,
    "252": 0.12398135701317435,
    "63": 0.03022745364898043
  },
  "stds": {
    "21": 0.12870472159787844,
    "252": 0.38496616850954585,
    "63": 0.17780984790303955
  }
}