{
  "means": {
    "21": 0.010678899313674538,
    "252": 0.12855765312227357,
    "63": 0.029073270855429635
  },
  "stds": {
    "21": 0.13693990021652802,
    "252": 0.39801671104350844,
    "63": 0.18376005483848232
  }
}