{
  "means": {
    "21": 0.009783280854275291,
    "252": 0.1395089825031207,
    "63": 0.027673281397112264
  },
  "stds": {
    "21": 0.07909651542763822,
    "252": 0.4153620401018744,
    "63": 0.12435391157305503
  }
}