{"feature_columns": ["ret_21d", "ret_63d", "ret_252d", "vol_63d", "maxdd_126d", "trend_spread"], "imputer_medians": {"maxdd_126d": -0.09397562129942516, "ret_21d": 0.012350444147210315, "ret_252d": 0.11295137693019952, "ret_63d": 0.033169003179114864, "trend_spread": -0.02226365628353799, "vol_63d": 0.15820052288144515}, "tickers": ["XLB", "XLE", "XLF", "XLI", "XLK", "XLP", "XLRE", "XLU", "XLV", "XLY"]}