{
  "fragile": 0.06742068155111633,
  "normal": 0.8317525600134296,
  "stressed": 0.10082675843545409
}