{"feature_columns": ["ret_21d", "ret_63d", "ret_252d", "vol_63d", "maxdd_126d", "trend_spread"], "imputer_medians": {"maxdd_126d": -0.09820587689378901, "ret_21d": 0.012133327796756688, "ret_252d": 0.10689204903863958, "ret_63d": 0.03119769972671871, "trend_spread": -0.021175557471440398, "vol_63d": 0.16177359621959153}, "tickers": ["XLB", "XLE", "XLF", "XLI", "XLK", "XLP", "XLRE", "XLU", "XLV", "XLY"]}