{
  "fragile": 0.06853836739235249,
  "normal": 0.8271705670733969,
  "stressed": 0.10429106553425065
}