{
  "means": {
    "21": 0.013351246326906194,
    "252": 0.13750834131313344,
    "63": 0.034702193192112894
  },
  "stds": {
    "21": 0.15184382421307818,
    "252": 0.3820645701950676,
    "63": 0.18756699706608987
  }
}