{"feature_columns": ["ret_21d", "ret_63d", "ret_252d", "vol_63d", "maxdd_126d", "trend_spread"], "imputer_medians": {"maxdd_126d": -0.09698212472045498, "ret_21d": 0.008988658966626817, "ret_252d": 0.09447639504736272, "ret_63d": 0.0227307739958591, "trend_spread": -0.01430537617788441, "vol_63d": 0.16073651162232414}, "tickers": ["XLB", "XLE", "XLF", "XLI", "XLK", "XLP", "XLRE", "XLU", "XLV", "XLY"]}