{
  "fragile": 0.07688863301989382,
  "normal": 0.8128318301029873,
  "stressed": 0.11027953687711892
}