{
  "means": {
    "21": 0.012327127598465496,
    "252": 0.12489406063197747,
    "63": 0.03354909328946988
  },
  "stds": {
    "21": 0.1463461108182509,
    "252": 0.3701924305241034,
    "63": 0.18131573885929475
  }
}